<?xml version="1.0" encoding="UTF-8"?>
<project-private xmlns="http://www.netbeans.org/ns/project-private/1">
    <open-files xmlns="http://www.netbeans.org/ns/projectui-open-files/2">
        <group>
            <file>file:/C:/Users/Yahye/OneDrive/Documents/NetBeansProjects/deeznuts/web/login.jsp</file>
            <file>file:/C:/Users/Yahye/OneDrive/Documents/NetBeansProjects/deeznuts/web/Testpass.jsp</file>
            <file>file:/C:/Users/Yahye/OneDrive/Documents/NetBeansProjects/deeznuts/web/register.jsp</file>
            <file>file:/C:/Users/Yahye/OneDrive/Documents/NetBeansProjects/deeznuts/web/Newengine.jsp</file>
            <file>file:/C:/Users/Yahye/OneDrive/Documents/NetBeansProjects/deeznuts/web/pain.jsp</file>
        </group>
    </open-files>
</project-private>
